[{"model": "contenttypes.contenttype", "fields": {"app_label": "admin", "model": "logentry"}}, {"model": "contenttypes.contenttype", "fields": {"app_label": "auth", "model": "permission"}}, {"model": "contenttypes.contenttype", "fields": {"app_label": "auth", "model": "group"}}, {"model": "contenttypes.contenttype", "fields": {"app_label": "contenttypes", "model": "contenttype"}}, {"model": "contenttypes.contenttype", "fields": {"app_label": "sessions", "model": "session"}}, {"model": "contenttypes.contenttype", "fields": {"app_label": "crms_app", "model": "authuser"}}, {"model": "contenttypes.contenttype", "fields": {"app_label": "crms_app", "model": "customerinformation"}}, {"model": "contenttypes.contenttype", "fields": {"app_label": "crms_app", "model": "customerreview"}}, {"model": "contenttypes.contenttype", "fields": {"app_label": "crms_app", "model": "productcomplaint"}}, {"model": "contenttypes.contenttype", "fields": {"app_label": "pcims_app", "model": "category"}}, {"model": "contenttypes.contenttype", "fields": {"app_label": "pcims_app", "model": "product"}}, {"model": "contenttypes.contenttype", "fields": {"app_label": "pcims_app", "model": "supplier"}}, {"model": "contenttypes.contenttype", "fields": {"app_label": "pcims_app", "model": "supplierproduct"}}, {"model": "contenttypes.contenttype", "fields": {"app_label": "pcims_app", "model": "reviewer"}}, {"model": "contenttypes.contenttype", "fields": {"app_label": "pcims_app", "model": "review"}}, {"model": "contenttypes.contenttype", "fields": {"app_label": "pcims_app", "model": "productphotos"}}, {"model": "contenttypes.contenttype", "fields": {"app_label": "pcims_app", "model": "productmanager"}}, {"model": "contenttypes.contenttype", "fields": {"app_label": "pcims_app", "model": "productcatalog"}}, {"model": "sessions.session", "pk": "bnvqlgztq0e7zirp9odw2iyixp4lw0kd", "fields": {"session_data": ".eJxVjMEOwiAQRP-FsyEsFKEevfcbyC6LUjWQlPZk_Hdp0oNe5vDmzbxFwG3NYWtpCTOLiwBx-mWE8ZnKXvADy73KWMu6zCR3RR5tk1Pl9Loe7t9Bxpb7WqvxnJzVjE67gT2yNpESkyViSMogGOCe2nqvdLTKKIARPOJt6Ex8vt26N0g:1nth4C:YJv7H7zYdvgnGI3a-DEHcRfG7HjCXUar85DJ9jO2ZdI", "expire_date": "2022-06-08T02:48:08.337Z"}}, {"model": "pcims_app.supplier", "pk": 1, "fields": {"name": "Supplier 1", "address": "Supplier 1 Addres", "email": "Supplier 1 Email", "telephone": "Supplier 1 Telephone", "contactperson": "Supplier 1 Contact", "isarchived": false, "displaypicture": "/default_pfp.png"}}, {"model": "pcims_app.supplier", "pk": 2, "fields": {"name": "Supplier 2", "address": "Supplier 2 Address", "email": "Supplier 2 Email", "telephone": "Supplier 2 Telephone", "contactperson": "Supplier 2 Contact", "isarchived": false, "displaypicture": "/default_pfp.png"}}, {"model": "pcims_app.supplier", "pk": 3, "fields": {"name": "Supplier 3", "address": "Supplier 3 Address", "email": "Supplier 3 Email", "telephone": "Supplier 3 Telephone", "contactperson": "Supplier 3 Contact", "isarchived": false, "displaypicture": "/default_pfp.png"}}, {"model": "pcims_app.category", "pk": 1, "fields": {"name": "speakers", "description": "audio"}}, {"model": "pcims_app.category", "pk": 2, "fields": {"name": "menLower", "description": "pants"}}, {"model": "pcims_app.category", "pk": 3, "fields": {"name": "womenShoes", "description": "shoes"}}, {"model": "pcims_app.category", "pk": 4, "fields": {"name": "tvs", "description": "television"}}, {"model": "pcims_app.category", "pk": 5, "fields": {"name": "bags", "description": "bag"}}, {"model": "pcims_app.product", "pk": 1, "fields": {"category": 1, "name": "118 Mini Portable Wireless Bluetooth Karaoke Speaker with FREE MICROPHONE", "rating": 5.0, "description": "aaaa", "stocks": 1080, "reorderlvl": 110, "sellingprice": 900.0, "discount": 81.0, "isarchived": false, "isFeatured": false}}, {"model": "pcims_app.product", "pk": 2, "fields": {"category": 1, "name": "V2S Speaker VS802 Bluetooth Speaker With FM Radio Portable Rechargable TF Card USB MP3 Mini Wireless Player Free VS55 Foldable Mini USB LED Light", "rating": 0.0, "description": "", "stocks": 3398, "reorderlvl": 200, "sellingprice": 558.0, "discount": 52.0, "isarchived": false, "isFeatured": false}}, {"model": "pcims_app.product", "pk": 3, "fields": {"category": 2, "name": "Plain tiro Korean Sports Plain jogger#AJ PH SHOP", "rating": 3.0, "description": "", "stocks": 2071, "reorderlvl": 190, "sellingprice": 600.0, "discount": 88.0, "isarchived": false, "isFeatured": false}}, {"model": "pcims_app.product", "pk": 4, "fields": {"category": 2, "name": "H&T Mens Jogger pants zipper with pocket  Unisex Makapal tela", "rating": 3.0, "description": "", "stocks": 3331, "reorderlvl": 10, "sellingprice": 599.0, "discount": 84.0, "isarchived": false, "isFeatured": false}}, {"model": "pcims_app.product", "pk": 5, "fields": {"category": 3, "name": "Beautifeet Girls fashion black Shoes for kids 20-39 B&C", "rating": 2.0, "description": "", "stocks": 4112, "reorderlvl": 50, "sellingprice": 299.0, "discount": 64.0, "isarchived": false, "isFeatured": false}}, {"model": "pcims_app.product", "pk": 6, "fields": {"category": 3, "name": "girl's black shoes girl's school shoes student shoes girl's formal shoes", "rating": 0.0, "description": "", "stocks": 3520, "reorderlvl": 170, "sellingprice": 279.0, "discount": 65.0, "isarchived": false, "isFeatured": false}}, {"model": "pcims_app.product", "pk": 7, "fields": {"category": 4, "name": "Xiaomi Mi TV P1 50\\\" Android TV | Smart TV | Google Assistant | Chromecast Built-in | Dolby Audio", "rating": 0.0, "description": "", "stocks": 896, "reorderlvl": 210, "sellingprice": 11112.0, "discount": 0.0, "isarchived": false, "isFeatured": false}}, {"model": "pcims_app.product", "pk": 8, "fields": {"category": 4, "name": "Factorycut backlight for 32-65\\\"aluminum backplate with adhessive tape", "rating": 0.0, "description": "", "stocks": 1047, "reorderlvl": 130, "sellingprice": 8522.0, "discount": 0.0, "isarchived": false, "isFeatured": false}}, {"model": "pcims_app.product", "pk": 9, "fields": {"category": 5, "name": "AUGUR men's messenger canvas shoulder sling bag for men brown", "rating": 2.3, "description": "", "stocks": 1946, "reorderlvl": 130, "sellingprice": 1319.0, "discount": 36.0, "isarchived": false, "isFeatured": false}}, {"model": "pcims_app.product", "pk": 10, "fields": {"category": 5, "name": "Crossbody Sling Bag For Men On Sale Good Quality Large Leather Shoulder Messenger Mens Bags 7101#", "rating": 0.0, "description": "", "stocks": 3642, "reorderlvl": 240, "sellingprice": 559.0, "discount": 57.0, "isarchived": false, "isFeatured": false}}, {"model": "pcims_app.supplierproduct", "pk": 1, "fields": {"product": 1, "supplier": 1, "leadtime": 1, "supplierprice": 1.0, "discount": 1.0, "isarchived": false}}, {"model": "pcims_app.supplierproduct", "pk": 2, "fields": {"product": 2, "supplier": 1, "leadtime": 9, "supplierprice": 1200.0, "discount": 25.0, "isarchived": false}}, {"model": "pcims_app.supplierproduct", "pk": 3, "fields": {"product": 5, "supplier": 2, "leadtime": 12, "supplierprice": 500.0, "discount": 10.0, "isarchived": false}}, {"model": "pcims_app.supplierproduct", "pk": 4, "fields": {"product": 9, "supplier": 2, "leadtime": 2, "supplierprice": 999.0, "discount": 10.0, "isarchived": false}}, {"model": "pcims_app.supplierproduct", "pk": 5, "fields": {"product": 7, "supplier": 3, "leadtime": 6, "supplierprice": 56000.0, "discount": 50.0, "isarchived": false}}, {"model": "pcims_app.supplierproduct", "pk": 6, "fields": {"product": 8, "supplier": 3, "leadtime": 1, "supplierprice": 40500.0, "discount": 67.0, "isarchived": false}}, {"model": "pcims_app.review", "pk": 1, "fields": {"product": 1, "reviewer": 2, "details": "good shit", "rating": 5.0, "date": "2022-05-25T02:43:43.961Z"}}, {"model": "pcims_app.review", "pk": 2, "fields": {"product": 1, "reviewer": 2, "details": "", "rating": 3.0, "date": "2022-05-25T02:58:12.541Z"}}, {"model": "pcims_app.review", "pk": 3, "fields": {"product": 1, "reviewer": 2, "details": "", "rating": 2.0, "date": "2022-05-25T02:58:21.589Z"}}, {"model": "pcims_app.review", "pk": 4, "fields": {"product": 2, "reviewer": 2, "details": "", "rating": 1.0, "date": "2022-05-25T02:58:28.280Z"}}, {"model": "pcims_app.review", "pk": 5, "fields": {"product": 2, "reviewer": 2, "details": "", "rating": 1.0, "date": "2022-05-25T02:58:34.943Z"}}, {"model": "pcims_app.review", "pk": 6, "fields": {"product": 2, "reviewer": 2, "details": "", "rating": 4.0, "date": "2022-05-25T02:58:43.040Z"}}, {"model": "pcims_app.review", "pk": 7, "fields": {"product": 3, "reviewer": 2, "details": "", "rating": 2.0, "date": "2022-05-25T02:58:50.203Z"}}, {"model": "pcims_app.review", "pk": 8, "fields": {"product": 3, "reviewer": 2, "details": "", "rating": 3.0, "date": "2022-05-25T02:58:55.939Z"}}, {"model": "pcims_app.review", "pk": 9, "fields": {"product": 3, "reviewer": 2, "details": "", "rating": 4.0, "date": "2022-05-25T02:59:00.694Z"}}, {"model": "pcims_app.review", "pk": 10, "fields": {"product": 4, "reviewer": 2, "details": "", "rating": 1.0, "date": "2022-05-25T02:59:08.971Z"}}, {"model": "pcims_app.review", "pk": 11, "fields": {"product": 4, "reviewer": 2, "details": "", "rating": 3.0, "date": "2022-05-25T02:59:14.979Z"}}, {"model": "pcims_app.review", "pk": 12, "fields": {"product": 4, "reviewer": 2, "details": "", "rating": 5.0, "date": "2022-05-25T02:59:20.847Z"}}, {"model": "pcims_app.review", "pk": 13, "fields": {"product": 5, "reviewer": 2, "details": "", "rating": 3.0, "date": "2022-05-25T02:59:45.078Z"}}, {"model": "pcims_app.review", "pk": 14, "fields": {"product": 5, "reviewer": 2, "details": "", "rating": 1.0, "date": "2022-05-25T02:59:51.182Z"}}, {"model": "pcims_app.review", "pk": 15, "fields": {"product": 5, "reviewer": 2, "details": "", "rating": 2.0, "date": "2022-05-25T02:59:57.302Z"}}, {"model": "pcims_app.review", "pk": 16, "fields": {"product": 6, "reviewer": 2, "details": "", "rating": 3.0, "date": "2022-05-25T03:00:03.276Z"}}, {"model": "pcims_app.review", "pk": 17, "fields": {"product": 6, "reviewer": 2, "details": "", "rating": 4.0, "date": "2022-05-25T03:00:09.884Z"}}, {"model": "pcims_app.review", "pk": 18, "fields": {"product": 6, "reviewer": 2, "details": "", "rating": 5.0, "date": "2022-05-25T03:00:18.405Z"}}, {"model": "pcims_app.review", "pk": 19, "fields": {"product": 7, "reviewer": 2, "details": "", "rating": 5.0, "date": "2022-05-25T03:00:31.825Z"}}, {"model": "pcims_app.review", "pk": 20, "fields": {"product": 7, "reviewer": 2, "details": "", "rating": 5.0, "date": "2022-05-25T03:00:36.549Z"}}, {"model": "pcims_app.review", "pk": 21, "fields": {"product": 7, "reviewer": 2, "details": "", "rating": 4.0, "date": "2022-05-25T03:00:44.087Z"}}, {"model": "pcims_app.review", "pk": 22, "fields": {"product": 8, "reviewer": 2, "details": "", "rating": 4.0, "date": "2022-05-25T03:00:51.574Z"}}, {"model": "pcims_app.review", "pk": 23, "fields": {"product": 8, "reviewer": 2, "details": "", "rating": 3.0, "date": "2022-05-25T03:00:57.844Z"}}, {"model": "pcims_app.review", "pk": 24, "fields": {"product": 8, "reviewer": 2, "details": "", "rating": 3.0, "date": "2022-05-25T03:01:03.422Z"}}, {"model": "pcims_app.review", "pk": 25, "fields": {"product": 10, "reviewer": 2, "details": "", "rating": 2.0, "date": "2022-05-25T03:01:09.996Z"}}, {"model": "pcims_app.review", "pk": 26, "fields": {"product": 10, "reviewer": 2, "details": "", "rating": 4.0, "date": "2022-05-25T03:01:14.643Z"}}, {"model": "pcims_app.review", "pk": 27, "fields": {"product": 10, "reviewer": 2, "details": "", "rating": 5.0, "date": "2022-05-25T03:01:19.209Z"}}, {"model": "pcims_app.review", "pk": 28, "fields": {"product": 9, "reviewer": 2, "details": "", "rating": 1.0, "date": "2022-05-25T03:01:24.897Z"}}, {"model": "pcims_app.review", "pk": 29, "fields": {"product": 9, "reviewer": 2, "details": "", "rating": 1.0, "date": "2022-05-25T03:01:30.769Z"}}, {"model": "pcims_app.review", "pk": 30, "fields": {"product": 9, "reviewer": 2, "details": "", "rating": 5.0, "date": "2022-05-25T03:01:37.280Z"}}, {"model": "auth.permission", "fields": {"name": "Can add log entry", "content_type": ["admin", "logentry"], "codename": "add_logentry"}}, {"model": "auth.permission", "fields": {"name": "Can change log entry", "content_type": ["admin", "logentry"], "codename": "change_logentry"}}, {"model": "auth.permission", "fields": {"name": "Can delete log entry", "content_type": ["admin", "logentry"], "codename": "delete_logentry"}}, {"model": "auth.permission", "fields": {"name": "Can view log entry", "content_type": ["admin", "logentry"], "codename": "view_logentry"}}, {"model": "auth.permission", "fields": {"name": "Can add permission", "content_type": ["auth", "permission"], "codename": "add_permission"}}, {"model": "auth.permission", "fields": {"name": "Can change permission", "content_type": ["auth", "permission"], "codename": "change_permission"}}, {"model": "auth.permission", "fields": {"name": "Can delete permission", "content_type": ["auth", "permission"], "codename": "delete_permission"}}, {"model": "auth.permission", "fields": {"name": "Can view permission", "content_type": ["auth", "permission"], "codename": "view_permission"}}, {"model": "auth.permission", "fields": {"name": "Can add group", "content_type": ["auth", "group"], "codename": "add_group"}}, {"model": "auth.permission", "fields": {"name": "Can change group", "content_type": ["auth", "group"], "codename": "change_group"}}, {"model": "auth.permission", "fields": {"name": "Can delete group", "content_type": ["auth", "group"], "codename": "delete_group"}}, {"model": "auth.permission", "fields": {"name": "Can view group", "content_type": ["auth", "group"], "codename": "view_group"}}, {"model": "auth.permission", "fields": {"name": "Can add content type", "content_type": ["contenttypes", "contenttype"], "codename": "add_contenttype"}}, {"model": "auth.permission", "fields": {"name": "Can change content type", "content_type": ["contenttypes", "contenttype"], "codename": "change_contenttype"}}, {"model": "auth.permission", "fields": {"name": "Can delete content type", "content_type": ["contenttypes", "contenttype"], "codename": "delete_contenttype"}}, {"model": "auth.permission", "fields": {"name": "Can view content type", "content_type": ["contenttypes", "contenttype"], "codename": "view_contenttype"}}, {"model": "auth.permission", "fields": {"name": "Can add session", "content_type": ["sessions", "session"], "codename": "add_session"}}, {"model": "auth.permission", "fields": {"name": "Can change session", "content_type": ["sessions", "session"], "codename": "change_session"}}, {"model": "auth.permission", "fields": {"name": "Can delete session", "content_type": ["sessions", "session"], "codename": "delete_session"}}, {"model": "auth.permission", "fields": {"name": "Can view session", "content_type": ["sessions", "session"], "codename": "view_session"}}, {"model": "auth.permission", "fields": {"name": "Can add user", "content_type": ["crms_app", "authuser"], "codename": "add_authuser"}}, {"model": "auth.permission", "fields": {"name": "Can change user", "content_type": ["crms_app", "authuser"], "codename": "change_authuser"}}, {"model": "auth.permission", "fields": {"name": "Can delete user", "content_type": ["crms_app", "authuser"], "codename": "delete_authuser"}}, {"model": "auth.permission", "fields": {"name": "Can view user", "content_type": ["crms_app", "authuser"], "codename": "view_authuser"}}, {"model": "auth.permission", "fields": {"name": "Can add customer information", "content_type": ["crms_app", "customerinformation"], "codename": "add_customerinformation"}}, {"model": "auth.permission", "fields": {"name": "Can change customer information", "content_type": ["crms_app", "customerinformation"], "codename": "change_customerinformation"}}, {"model": "auth.permission", "fields": {"name": "Can delete customer information", "content_type": ["crms_app", "customerinformation"], "codename": "delete_customerinformation"}}, {"model": "auth.permission", "fields": {"name": "Can view customer information", "content_type": ["crms_app", "customerinformation"], "codename": "view_customerinformation"}}, {"model": "auth.permission", "fields": {"name": "Can add customer review", "content_type": ["crms_app", "customerreview"], "codename": "add_customerreview"}}, {"model": "auth.permission", "fields": {"name": "Can change customer review", "content_type": ["crms_app", "customerreview"], "codename": "change_customerreview"}}, {"model": "auth.permission", "fields": {"name": "Can delete customer review", "content_type": ["crms_app", "customerreview"], "codename": "delete_customerreview"}}, {"model": "auth.permission", "fields": {"name": "Can view customer review", "content_type": ["crms_app", "customerreview"], "codename": "view_customerreview"}}, {"model": "auth.permission", "fields": {"name": "Can add product complaint", "content_type": ["crms_app", "productcomplaint"], "codename": "add_productcomplaint"}}, {"model": "auth.permission", "fields": {"name": "Can change product complaint", "content_type": ["crms_app", "productcomplaint"], "codename": "change_productcomplaint"}}, {"model": "auth.permission", "fields": {"name": "Can delete product complaint", "content_type": ["crms_app", "productcomplaint"], "codename": "delete_productcomplaint"}}, {"model": "auth.permission", "fields": {"name": "Can view product complaint", "content_type": ["crms_app", "productcomplaint"], "codename": "view_productcomplaint"}}, {"model": "auth.permission", "fields": {"name": "Can add category", "content_type": ["pcims_app", "category"], "codename": "add_category"}}, {"model": "auth.permission", "fields": {"name": "Can change category", "content_type": ["pcims_app", "category"], "codename": "change_category"}}, {"model": "auth.permission", "fields": {"name": "Can delete category", "content_type": ["pcims_app", "category"], "codename": "delete_category"}}, {"model": "auth.permission", "fields": {"name": "Can view category", "content_type": ["pcims_app", "category"], "codename": "view_category"}}, {"model": "auth.permission", "fields": {"name": "Can add product", "content_type": ["pcims_app", "product"], "codename": "add_product"}}, {"model": "auth.permission", "fields": {"name": "Can change product", "content_type": ["pcims_app", "product"], "codename": "change_product"}}, {"model": "auth.permission", "fields": {"name": "Can delete product", "content_type": ["pcims_app", "product"], "codename": "delete_product"}}, {"model": "auth.permission", "fields": {"name": "Can view product", "content_type": ["pcims_app", "product"], "codename": "view_product"}}, {"model": "auth.permission", "fields": {"name": "Can add supplier", "content_type": ["pcims_app", "supplier"], "codename": "add_supplier"}}, {"model": "auth.permission", "fields": {"name": "Can change supplier", "content_type": ["pcims_app", "supplier"], "codename": "change_supplier"}}, {"model": "auth.permission", "fields": {"name": "Can delete supplier", "content_type": ["pcims_app", "supplier"], "codename": "delete_supplier"}}, {"model": "auth.permission", "fields": {"name": "Can view supplier", "content_type": ["pcims_app", "supplier"], "codename": "view_supplier"}}, {"model": "auth.permission", "fields": {"name": "Can add supplier product", "content_type": ["pcims_app", "supplierproduct"], "codename": "add_supplierproduct"}}, {"model": "auth.permission", "fields": {"name": "Can change supplier product", "content_type": ["pcims_app", "supplierproduct"], "codename": "change_supplierproduct"}}, {"model": "auth.permission", "fields": {"name": "Can delete supplier product", "content_type": ["pcims_app", "supplierproduct"], "codename": "delete_supplierproduct"}}, {"model": "auth.permission", "fields": {"name": "Can view supplier product", "content_type": ["pcims_app", "supplierproduct"], "codename": "view_supplierproduct"}}, {"model": "auth.permission", "fields": {"name": "Can add reviewer", "content_type": ["pcims_app", "reviewer"], "codename": "add_reviewer"}}, {"model": "auth.permission", "fields": {"name": "Can change reviewer", "content_type": ["pcims_app", "reviewer"], "codename": "change_reviewer"}}, {"model": "auth.permission", "fields": {"name": "Can delete reviewer", "content_type": ["pcims_app", "reviewer"], "codename": "delete_reviewer"}}, {"model": "auth.permission", "fields": {"name": "Can view reviewer", "content_type": ["pcims_app", "reviewer"], "codename": "view_reviewer"}}, {"model": "auth.permission", "fields": {"name": "Can add review", "content_type": ["pcims_app", "review"], "codename": "add_review"}}, {"model": "auth.permission", "fields": {"name": "Can change review", "content_type": ["pcims_app", "review"], "codename": "change_review"}}, {"model": "auth.permission", "fields": {"name": "Can delete review", "content_type": ["pcims_app", "review"], "codename": "delete_review"}}, {"model": "auth.permission", "fields": {"name": "Can view review", "content_type": ["pcims_app", "review"], "codename": "view_review"}}, {"model": "auth.permission", "fields": {"name": "Can add product photos", "content_type": ["pcims_app", "productphotos"], "codename": "add_productphotos"}}, {"model": "auth.permission", "fields": {"name": "Can change product photos", "content_type": ["pcims_app", "productphotos"], "codename": "change_productphotos"}}, {"model": "auth.permission", "fields": {"name": "Can delete product photos", "content_type": ["pcims_app", "productphotos"], "codename": "delete_productphotos"}}, {"model": "auth.permission", "fields": {"name": "Can view product photos", "content_type": ["pcims_app", "productphotos"], "codename": "view_productphotos"}}, {"model": "auth.permission", "fields": {"name": "Can add product manager", "content_type": ["pcims_app", "productmanager"], "codename": "add_productmanager"}}, {"model": "auth.permission", "fields": {"name": "Can change product manager", "content_type": ["pcims_app", "productmanager"], "codename": "change_productmanager"}}, {"model": "auth.permission", "fields": {"name": "Can delete product manager", "content_type": ["pcims_app", "productmanager"], "codename": "delete_productmanager"}}, {"model": "auth.permission", "fields": {"name": "Can view product manager", "content_type": ["pcims_app", "productmanager"], "codename": "view_productmanager"}}, {"model": "auth.permission", "fields": {"name": "Can add product catalog", "content_type": ["pcims_app", "productcatalog"], "codename": "add_productcatalog"}}, {"model": "auth.permission", "fields": {"name": "Can change product catalog", "content_type": ["pcims_app", "productcatalog"], "codename": "change_productcatalog"}}, {"model": "auth.permission", "fields": {"name": "Can delete product catalog", "content_type": ["pcims_app", "productcatalog"], "codename": "delete_productcatalog"}}, {"model": "auth.permission", "fields": {"name": "Can view product catalog", "content_type": ["pcims_app", "productcatalog"], "codename": "view_productcatalog"}}, {"model": "crms_app.authuser", "fields": {"password": "pbkdf2_sha256$320000$dyoFFlA3vkqd3ejYlejTZL$+vWQ/8rG9b9ZE6415n7MZTHYuSf9r8+2aDmEKyEcous=", "last_login": "2022-05-25T02:48:08.335Z", "is_superuser": true, "username": "admin", "first_name": "", "last_name": "", "email": "", "is_staff": true, "is_active": true, "date_joined": "2022-05-25T02:36:55Z", "user_type": 1, "groups": [], "user_permissions": []}}, {"model": "crms_app.authuser", "fields": {"password": "pbkdf2_sha256$320000$IAC1ZTDKS1HbRbNyaWlTUJ$ZNp9yTcBk8B/JBx3wlH5SsFfmGBQTj5eaoLVpy0BUjo=", "last_login": "2022-05-25T02:43:31.853Z", "is_superuser": false, "username": "nrgdcbg", "first_name": "", "last_name": "", "email": "reyes.allen13@gmail.com", "is_staff": false, "is_active": true, "date_joined": "2022-05-25T02:41:39.823Z", "user_type": 4, "groups": [], "user_permissions": []}}, {"model": "pcims_app.productmanager", "pk": 1, "fields": {"user": ["admin"], "profilepicture": "default_pfp.png"}}, {"model": "pcims_app.reviewer", "pk": 1, "fields": {"user": ["admin"], "name": "admin", "address": "address", "profilepicture": "/default_pfp.png", "contact": "contact"}}, {"model": "pcims_app.reviewer", "pk": 2, "fields": {"user": ["nrgdcbg"], "name": "nrgdcbg", "address": null, "profilepicture": "/default_pfp.png", "contact": null}}, {"model": "admin.logentry", "pk": 1, "fields": {"action_time": "2022-05-25T02:37:14.328Z", "user": ["admin"], "content_type": ["pcims_app", "productmanager"], "object_id": "1", "object_repr": "ProductManager object (1)", "action_flag": 1, "change_message": "[{\"added\": {}}]"}}, {"model": "admin.logentry", "pk": 2, "fields": {"action_time": "2022-05-25T02:37:27.284Z", "user": ["admin"], "content_type": ["pcims_app", "reviewer"], "object_id": "1", "object_repr": "admin", "action_flag": 1, "change_message": "[{\"added\": {}}]"}}, {"model": "admin.logentry", "pk": 3, "fields": {"action_time": "2022-05-25T02:37:48.242Z", "user": ["admin"], "content_type": ["pcims_app", "category"], "object_id": "1", "object_repr": "speakers", "action_flag": 1, "change_message": "[{\"added\": {}}]"}}, {"model": "admin.logentry", "pk": 4, "fields": {"action_time": "2022-05-25T02:41:25.956Z", "user": ["admin"], "content_type": ["crms_app", "authuser"], "object_id": "1", "object_repr": "admin", "action_flag": 2, "change_message": "[{\"changed\": {\"fields\": [\"User type\"]}}]"}}, {"model": "admin.logentry", "pk": 5, "fields": {"action_time": "2022-05-25T02:42:45.357Z", "user": ["admin"], "content_type": ["pcims_app", "product"], "object_id": "1", "object_repr": "test", "action_flag": 1, "change_message": "[{\"added\": {}}]"}}, {"model": "admin.logentry", "pk": 6, "fields": {"action_time": "2022-05-25T02:43:05.971Z", "user": ["admin"], "content_type": ["pcims_app", "supplier"], "object_id": "1", "object_repr": "sup", "action_flag": 1, "change_message": "[{\"added\": {}}]"}}, {"model": "admin.logentry", "pk": 7, "fields": {"action_time": "2022-05-25T02:43:13.663Z", "user": ["admin"], "content_type": ["pcims_app", "supplierproduct"], "object_id": "1", "object_repr": "test", "action_flag": 1, "change_message": "[{\"added\": {}}]"}}, {"model": "admin.logentry", "pk": 8, "fields": {"action_time": "2022-05-25T02:48:34.892Z", "user": ["admin"], "content_type": ["pcims_app", "product"], "object_id": "1", "object_repr": "118 Mini Portable Wireless Bluetooth Karaoke Speaker with FREE MICROPHONE", "action_flag": 2, "change_message": "[{\"changed\": {\"fields\": [\"Name\", \"Stocks\", \"Reorderlvl\", \"Sellingprice\", \"Discount\"]}}]"}}, {"model": "admin.logentry", "pk": 9, "fields": {"action_time": "2022-05-25T02:49:00.425Z", "user": ["admin"], "content_type": ["pcims_app", "product"], "object_id": "2", "object_repr": "V2S Speaker VS802 Bluetooth Speaker With FM Radio Portable Rechargable TF Card USB MP3 Mini Wireless Player Free VS55 Foldable Mini USB LED Light", "action_flag": 1, "change_message": "[{\"added\": {}}]"}}, {"model": "admin.logentry", "pk": 10, "fields": {"action_time": "2022-05-25T02:49:53.800Z", "user": ["admin"], "content_type": ["pcims_app", "category"], "object_id": "2", "object_repr": "menLower", "action_flag": 1, "change_message": "[{\"added\": {}}]"}}, {"model": "admin.logentry", "pk": 11, "fields": {"action_time": "2022-05-25T02:50:07.529Z", "user": ["admin"], "content_type": ["pcims_app", "category"], "object_id": "3", "object_repr": "womenShoes", "action_flag": 1, "change_message": "[{\"added\": {}}]"}}, {"model": "admin.logentry", "pk": 12, "fields": {"action_time": "2022-05-25T02:50:15.451Z", "user": ["admin"], "content_type": ["pcims_app", "category"], "object_id": "4", "object_repr": "tvs", "action_flag": 1, "change_message": "[{\"added\": {}}]"}}, {"model": "admin.logentry", "pk": 13, "fields": {"action_time": "2022-05-25T02:50:23.511Z", "user": ["admin"], "content_type": ["pcims_app", "category"], "object_id": "5", "object_repr": "bags", "action_flag": 1, "change_message": "[{\"added\": {}}]"}}, {"model": "admin.logentry", "pk": 14, "fields": {"action_time": "2022-05-25T02:50:49.352Z", "user": ["admin"], "content_type": ["pcims_app", "product"], "object_id": "3", "object_repr": "Plain tiro Korean Sports Plain jogger#AJ PH SHOP", "action_flag": 1, "change_message": "[{\"added\": {}}]"}}, {"model": "admin.logentry", "pk": 15, "fields": {"action_time": "2022-05-25T02:51:14.243Z", "user": ["admin"], "content_type": ["pcims_app", "product"], "object_id": "4", "object_repr": "H&T Mens Jogger pants zipper with pocket  Unisex Makapal tela", "action_flag": 1, "change_message": "[{\"added\": {}}]"}}, {"model": "admin.logentry", "pk": 16, "fields": {"action_time": "2022-05-25T02:51:43.004Z", "user": ["admin"], "content_type": ["pcims_app", "product"], "object_id": "5", "object_repr": "Beautifeet Girls fashion black Shoes for kids 20-39 B&C", "action_flag": 1, "change_message": "[{\"added\": {}}]"}}, {"model": "admin.logentry", "pk": 17, "fields": {"action_time": "2022-05-25T02:52:28.192Z", "user": ["admin"], "content_type": ["pcims_app", "product"], "object_id": "6", "object_repr": "girl's black shoes girl's school shoes student shoes girl's formal shoes", "action_flag": 1, "change_message": "[{\"added\": {}}]"}}, {"model": "admin.logentry", "pk": 18, "fields": {"action_time": "2022-05-25T02:53:16.142Z", "user": ["admin"], "content_type": ["pcims_app", "product"], "object_id": "7", "object_repr": "Xiaomi Mi TV P1 50\\\" Android TV | Smart TV | Google Assistant | Chromecast Built-in | Dolby Audio", "action_flag": 1, "change_message": "[{\"added\": {}}]"}}, {"model": "admin.logentry", "pk": 19, "fields": {"action_time": "2022-05-25T02:53:35.527Z", "user": ["admin"], "content_type": ["pcims_app", "product"], "object_id": "8", "object_repr": "Factorycut backlight for 32-65\\\"aluminum backplate with adhessive tape", "action_flag": 1, "change_message": "[{\"added\": {}}]"}}, {"model": "admin.logentry", "pk": 20, "fields": {"action_time": "2022-05-25T02:53:55.597Z", "user": ["admin"], "content_type": ["pcims_app", "product"], "object_id": "9", "object_repr": "AUGUR men's messenger canvas shoulder sling bag for men brown", "action_flag": 1, "change_message": "[{\"added\": {}}]"}}, {"model": "admin.logentry", "pk": 21, "fields": {"action_time": "2022-05-25T02:54:17.965Z", "user": ["admin"], "content_type": ["pcims_app", "product"], "object_id": "10", "object_repr": "Crossbody Sling Bag For Men On Sale Good Quality Large Leather Shoulder Messenger Mens Bags 7101#", "action_flag": 1, "change_message": "[{\"added\": {}}]"}}, {"model": "admin.logentry", "pk": 22, "fields": {"action_time": "2022-05-25T02:58:12.542Z", "user": ["admin"], "content_type": ["pcims_app", "review"], "object_id": "2", "object_repr": "Review object (2)", "action_flag": 1, "change_message": "[{\"added\": {}}]"}}, {"model": "admin.logentry", "pk": 23, "fields": {"action_time": "2022-05-25T02:58:21.590Z", "user": ["admin"], "content_type": ["pcims_app", "review"], "object_id": "3", "object_repr": "Review object (3)", "action_flag": 1, "change_message": "[{\"added\": {}}]"}}, {"model": "admin.logentry", "pk": 24, "fields": {"action_time": "2022-05-25T02:58:28.281Z", "user": ["admin"], "content_type": ["pcims_app", "review"], "object_id": "4", "object_repr": "Review object (4)", "action_flag": 1, "change_message": "[{\"added\": {}}]"}}, {"model": "admin.logentry", "pk": 25, "fields": {"action_time": "2022-05-25T02:58:34.944Z", "user": ["admin"], "content_type": ["pcims_app", "review"], "object_id": "5", "object_repr": "Review object (5)", "action_flag": 1, "change_message": "[{\"added\": {}}]"}}, {"model": "admin.logentry", "pk": 26, "fields": {"action_time": "2022-05-25T02:58:43.041Z", "user": ["admin"], "content_type": ["pcims_app", "review"], "object_id": "6", "object_repr": "Review object (6)", "action_flag": 1, "change_message": "[{\"added\": {}}]"}}, {"model": "admin.logentry", "pk": 27, "fields": {"action_time": "2022-05-25T02:58:50.204Z", "user": ["admin"], "content_type": ["pcims_app", "review"], "object_id": "7", "object_repr": "Review object (7)", "action_flag": 1, "change_message": "[{\"added\": {}}]"}}, {"model": "admin.logentry", "pk": 28, "fields": {"action_time": "2022-05-25T02:58:55.940Z", "user": ["admin"], "content_type": ["pcims_app", "review"], "object_id": "8", "object_repr": "Review object (8)", "action_flag": 1, "change_message": "[{\"added\": {}}]"}}, {"model": "admin.logentry", "pk": 29, "fields": {"action_time": "2022-05-25T02:59:00.695Z", "user": ["admin"], "content_type": ["pcims_app", "review"], "object_id": "9", "object_repr": "Review object (9)", "action_flag": 1, "change_message": "[{\"added\": {}}]"}}, {"model": "admin.logentry", "pk": 30, "fields": {"action_time": "2022-05-25T02:59:08.972Z", "user": ["admin"], "content_type": ["pcims_app", "review"], "object_id": "10", "object_repr": "Review object (10)", "action_flag": 1, "change_message": "[{\"added\": {}}]"}}, {"model": "admin.logentry", "pk": 31, "fields": {"action_time": "2022-05-25T02:59:14.980Z", "user": ["admin"], "content_type": ["pcims_app", "review"], "object_id": "11", "object_repr": "Review object (11)", "action_flag": 1, "change_message": "[{\"added\": {}}]"}}, {"model": "admin.logentry", "pk": 32, "fields": {"action_time": "2022-05-25T02:59:20.848Z", "user": ["admin"], "content_type": ["pcims_app", "review"], "object_id": "12", "object_repr": "Review object (12)", "action_flag": 1, "change_message": "[{\"added\": {}}]"}}, {"model": "admin.logentry", "pk": 33, "fields": {"action_time": "2022-05-25T02:59:34.533Z", "user": ["admin"], "content_type": ["pcims_app", "review"], "object_id": "11", "object_repr": "Review object (11)", "action_flag": 2, "change_message": "[{\"changed\": {\"fields\": [\"Product\"]}}]"}}, {"model": "admin.logentry", "pk": 34, "fields": {"action_time": "2022-05-25T02:59:38.088Z", "user": ["admin"], "content_type": ["pcims_app", "review"], "object_id": "12", "object_repr": "Review object (12)", "action_flag": 2, "change_message": "[{\"changed\": {\"fields\": [\"Product\"]}}]"}}, {"model": "admin.logentry", "pk": 35, "fields": {"action_time": "2022-05-25T02:59:45.079Z", "user": ["admin"], "content_type": ["pcims_app", "review"], "object_id": "13", "object_repr": "Review object (13)", "action_flag": 1, "change_message": "[{\"added\": {}}]"}}, {"model": "admin.logentry", "pk": 36, "fields": {"action_time": "2022-05-25T02:59:51.183Z", "user": ["admin"], "content_type": ["pcims_app", "review"], "object_id": "14", "object_repr": "Review object (14)", "action_flag": 1, "change_message": "[{\"added\": {}}]"}}, {"model": "admin.logentry", "pk": 37, "fields": {"action_time": "2022-05-25T02:59:57.303Z", "user": ["admin"], "content_type": ["pcims_app", "review"], "object_id": "15", "object_repr": "Review object (15)", "action_flag": 1, "change_message": "[{\"added\": {}}]"}}, {"model": "admin.logentry", "pk": 38, "fields": {"action_time": "2022-05-25T03:00:03.277Z", "user": ["admin"], "content_type": ["pcims_app", "review"], "object_id": "16", "object_repr": "Review object (16)", "action_flag": 1, "change_message": "[{\"added\": {}}]"}}, {"model": "admin.logentry", "pk": 39, "fields": {"action_time": "2022-05-25T03:00:09.885Z", "user": ["admin"], "content_type": ["pcims_app", "review"], "object_id": "17", "object_repr": "Review object (17)", "action_flag": 1, "change_message": "[{\"added\": {}}]"}}, {"model": "admin.logentry", "pk": 40, "fields": {"action_time": "2022-05-25T03:00:18.406Z", "user": ["admin"], "content_type": ["pcims_app", "review"], "object_id": "18", "object_repr": "Review object (18)", "action_flag": 1, "change_message": "[{\"added\": {}}]"}}, {"model": "admin.logentry", "pk": 41, "fields": {"action_time": "2022-05-25T03:00:31.826Z", "user": ["admin"], "content_type": ["pcims_app", "review"], "object_id": "19", "object_repr": "Review object (19)", "action_flag": 1, "change_message": "[{\"added\": {}}]"}}, {"model": "admin.logentry", "pk": 42, "fields": {"action_time": "2022-05-25T03:00:36.550Z", "user": ["admin"], "content_type": ["pcims_app", "review"], "object_id": "20", "object_repr": "Review object (20)", "action_flag": 1, "change_message": "[{\"added\": {}}]"}}, {"model": "admin.logentry", "pk": 43, "fields": {"action_time": "2022-05-25T03:00:44.089Z", "user": ["admin"], "content_type": ["pcims_app", "review"], "object_id": "21", "object_repr": "Review object (21)", "action_flag": 1, "change_message": "[{\"added\": {}}]"}}, {"model": "admin.logentry", "pk": 44, "fields": {"action_time": "2022-05-25T03:00:51.575Z", "user": ["admin"], "content_type": ["pcims_app", "review"], "object_id": "22", "object_repr": "Review object (22)", "action_flag": 1, "change_message": "[{\"added\": {}}]"}}, {"model": "admin.logentry", "pk": 45, "fields": {"action_time": "2022-05-25T03:00:57.845Z", "user": ["admin"], "content_type": ["pcims_app", "review"], "object_id": "23", "object_repr": "Review object (23)", "action_flag": 1, "change_message": "[{\"added\": {}}]"}}, {"model": "admin.logentry", "pk": 46, "fields": {"action_time": "2022-05-25T03:01:03.423Z", "user": ["admin"], "content_type": ["pcims_app", "review"], "object_id": "24", "object_repr": "Review object (24)", "action_flag": 1, "change_message": "[{\"added\": {}}]"}}, {"model": "admin.logentry", "pk": 47, "fields": {"action_time": "2022-05-25T03:01:09.997Z", "user": ["admin"], "content_type": ["pcims_app", "review"], "object_id": "25", "object_repr": "Review object (25)", "action_flag": 1, "change_message": "[{\"added\": {}}]"}}, {"model": "admin.logentry", "pk": 48, "fields": {"action_time": "2022-05-25T03:01:14.644Z", "user": ["admin"], "content_type": ["pcims_app", "review"], "object_id": "26", "object_repr": "Review object (26)", "action_flag": 1, "change_message": "[{\"added\": {}}]"}}, {"model": "admin.logentry", "pk": 49, "fields": {"action_time": "2022-05-25T03:01:19.210Z", "user": ["admin"], "content_type": ["pcims_app", "review"], "object_id": "27", "object_repr": "Review object (27)", "action_flag": 1, "change_message": "[{\"added\": {}}]"}}, {"model": "admin.logentry", "pk": 50, "fields": {"action_time": "2022-05-25T03:01:24.898Z", "user": ["admin"], "content_type": ["pcims_app", "review"], "object_id": "28", "object_repr": "Review object (28)", "action_flag": 1, "change_message": "[{\"added\": {}}]"}}, {"model": "admin.logentry", "pk": 51, "fields": {"action_time": "2022-05-25T03:01:30.770Z", "user": ["admin"], "content_type": ["pcims_app", "review"], "object_id": "29", "object_repr": "Review object (29)", "action_flag": 1, "change_message": "[{\"added\": {}}]"}}, {"model": "admin.logentry", "pk": 52, "fields": {"action_time": "2022-05-25T03:01:37.281Z", "user": ["admin"], "content_type": ["pcims_app", "review"], "object_id": "30", "object_repr": "Review object (30)", "action_flag": 1, "change_message": "[{\"added\": {}}]"}}]
